id	url
S-001	https://noahie.xyz/blog/ioktikn/how-i-quit-nicotine/
S-002	https://www.teesche.com/blog/how_i_quit_smoking
S-005	https://lorenzod8n.wordpress.com/2008/03/30/i-need-to-quit-smoking/
S-003	https://www.unfinishedman.com/why-do-people-smoke-cigarettes/
S-004	https://tossingitout.blogspot.com/2013/06/how-i-quit-smoking-in-one-day.html
S-007	https://www.quittrain.com/blogs/entry/1207-joes-quit-story/
S-006	https://whyquit.com/whyquit/turkeys_16.html
S-013	https://www.mumsnet.com/talk/_chat/4507625-How-did-you-give-up-smoking
S-014	https://www.mumsnet.com/talk/stop-smoking/5369804-i-need-help-quitting-smoking-cigarettes
S-015	https://www.mumsnet.com/talk/_chat/5087334-anyone-successfully-stopped-smoking-how
S-016	https://www.quittrain.com/blogs/entry/1229-denaliblues-quit-story/
S-017	https://whyquit.com/whyquit/turkeys_43.html
S-018	https://whyquit.com/whyquit/turkeys_8.html
S-019	https://www.thedailynovel.com/?p=28
S-020	https://bycommonconsent.com/2006/05/23/tobacco-memories/
S-021	https://whyquit.com/john/junkie-thinking.html
S-022	https://www.steadyhealth.com/topics/i-am-trying-to-quit-smoking-anyone-want-to-join-me
S-012	https://www.woofmang.com/tales/40_quit_tips.shtml
S-023	https://squareman.substack.com/p/it-really-sucks-to-quit-smoking
S-024	https://morestina.net/463/quit-smoking-in-one-step
S-025	https://whyquit.com/whyquit/turkeys_2.html
S-026	https://whyquit.com/whyquit/turkeys_1.html
S-027	https://theshapeofamother.com/blog/advice-requested-anonymous/
S-028	https://cfrankdavis.wordpress.com/2011/02/07/quit-smoking-drop-dead/
S-029	https://whyquit.com/pr/122711.html
S-009	https://nida.nih.gov/publications/research-reports/tobacco-nicotine-e-cigarettes/nicotine-addictive
S-030	https://baturin.org/blog/smoking/
S-031	https://whyquit.com/whyquit/turkeys.html
S-032	https://whyquit.com/joel/Joel_02_02_widow_in_isolation.html
S-033	https://smokinchoices.wordpress.com/stop-smoking-free/
S-034	https://whyquit.com/ffn/03b-infected.html
S-035	https://whyquit.com/ffn/04c-stress.html
S-036	https://mentalhealthdaily.com/2014/02/27/how-to-quit-smoking-cigarettes-permanently/
S-008	https://www.d7xtech.com/how-i-quit-smoking-and-what-i-do-for-nicotine-now/
S-037	https://whyquit.com/joels-videos/are-there-social-smokers-2/
S-038	https://whyquit.com/whyquit/turkeys_18.html
S-039	https://the-orbit.net/almostdiamonds/2009/04/23/quitters-blog/
S-040	https://cyclonegirl.com/i-quit-smoking-to-avoid-looking-like-a-leather-handbag/
S-041	https://www.quittrain.com/profile/3230-octain/content/page/65/
S-042	https://kerckhoff.blogspot.com/2006/01/nicotine-replacement-therapy-gums.html
S-043	https://whyquit.com/whyquit/turkeys_20.html
S-044	https://whyquit.com/whyquit/turkeys_24.html
S-045	https://cathyday.com/2013/06/how-i-quit-smoking-on-62306/
S-046	https://www.ilovephilosophy.com/t/quit-smoking/45623
S-047	https://whyquit.com/whyquit/turkeys_9.html
S-048	https://www.puckermob.com/moblog/9-reasons-to-cut-back-on-or-even-quit-smoking/
S-049	https://discourse.prongs.org/t/smokers/1407
S-050	https://junejuice.bearblog.dev/cigarette-candies/
S-051	https://uk.style.yahoo.com/can-body-ever-really-recover-quit-social-smoking-121404446.html
S-052	https://www.folxhealth.com/library/smoking-cessation-guide-for-lgbtqia-folks
S-053	https://whyquit.com/whyquit/turkeys_10.html
S-054	https://www.minid.net/2012/10/12/how-i-stopped-smoking
S-055	https://jhatax.blogspot.com/2004/09/does-cold-turkey-work.html
S-056	https://camelsnose.wordpress.com/2008/07/06/got-a-touch-of-copd-how-to-quit-smoking/
S-057	https://whyquit.com/whyquit/turkeys_17.html
S-058	https://www.unfinishedman.com/why-do-people-smoke-after-sex/
S-059	https://www.quittrain.com/profile/83-iamdoingit/content/page/2/
S-060	https://maurotoselli.substack.com/p/i-quit-smoking-what-happened-totally
S-061	https://keyboardplaying.org/stories/cigarette-break/
S-062	https://randomgeekery.org/post/2018/06/two-weeks-without-cigarettes/
S-063	https://craigjamieson.com/i-quit-smoking-21-years-ago/
S-064	https://www.ipcvision.com/page05/phil-smk-01.htm
S-065	https://whyquit.com/joel/Joel_04_05_pneumonia.html
S-066	https://whyquit.com/joel/Joel_03_34_Alcohol.html
S-067	https://websta.me/can-vaping-help-to-quit-smoking/
S-068	https://whyquit.com/freedom/hermit-quitting.html
S-069	https://whyquit.com/whyquit/A_NicodemonsLies.html
S-070	https://bop.unibe.ch/linguistik-online/article/view/4174
S-011	https://whyquit.com/whyquit/LinksAAddiction.html
S-010	https://en.wikipedia.org/wiki/Nicotine_marketing
S-071	https://whyquit.com/whyquit/turkeys_7.html
S-072	https://www.quittrain.com/
S-073	https://talesfromthequit.com/you-come-too
S-074	https://talesfromthequit.com/freedom-is-the-journey
S-075	https://cfrankdavis.wordpress.com/2013/09/23/e-cigs-and-filters/
S-076	https://whyquit.com/whyquit/A_Benefits_Time_Table.html
S-077	https://www.cochranelibrary.com/cdsr/doi/10.1002/14651858.CD000146.pub5/abstract
S-078	https://www.ncbi.nlm.nih.gov/books/NBK555596/
S-079	https://www.cancer.gov/about-cancer/causes-prevention/risk/tobacco/quit-smoking-hp-pdq
S-080	https://www.cancer.gov/about-cancer/causes-prevention/risk/tobacco/light-cigarettes-fact-sheet
S-081	https://smokefree.gov/challenges-when-quitting/withdrawal/managing-nicotine-withdrawal
S-082	https://www.cancer.gov/about-cancer/causes-prevention/risk/tobacco/withdrawal-fact-sheet
S-083	https://www.ncbi.nlm.nih.gov/books/NBK537066/
S-084	https://www.fda.gov/tobacco-products/health-effects-tobacco-use/nicotine-why-tobacco-products-are-addictive
S-085	https://medlineplus.gov/ency/article/000953.htm
S-086	https://www.nice.org.uk/guidance/ng209
S-087	https://www.who.int/news-room/fact-sheets/detail/tobacco
S-088	https://www.fda.gov/tobacco-products/products-ingredients-components/cigarettes
S-089	https://tobaccocontrol.bmj.com/content/11/suppl_1/i40
S-090	https://www.industrydocuments.ucsf.edu/docs/gxhh0045
S-091	https://www.industrydocuments.ucsf.edu/docs/ffjm0150
S-092	https://www.industrydocuments.ucsf.edu/docs/tggp0125
S-093	https://www.industrydocuments.ucsf.edu/docs/ffcm0128
S-094	https://www.industrydocuments.ucsf.edu/docs/qrfk0053
S-095	https://www.industrydocuments.ucsf.edu/docs/qgpn0067
S-096	https://multinationalmonitor.org/hyper/issues/1992/01/mm0192_07.html
S-097	https://truthinitiative.org/research-resources/topic/tobacco-industry-marketing
S-098	https://www.cancer.gov/about-cancer/causes-prevention/risk/tobacco/cessation-fact-sheet
S-099	https://multinationalmonitor.org/hyper/mm0192.html
S-100	https://en.wiktionary.org/wiki/gasper
S-101	https://en.wiktionary.org/wiki/fag
S-102	https://en.wiktionary.org/wiki/jones
S-103	https://whyquit.com/freedom/tell-a-newbie/tell-a-newbie-06.html
S-104	https://www.killthecan.org/additional-resources/recovery-tips-summary/
S-105	https://www.nhs.uk/live-well/quit-smoking/
S-106	https://www.manythings.org/voa/health/4023.html
S-107	https://www.quittrain.com/blogs/entry/1220-you-dont-just-get-off-the-quit-train/
S-108	https://whyquit.com/whyquit/turkeys_41.html
S-109	https://saltandlight.sg/faith/how-i-quit-smoking-by-going-cold-turkey/
